{
    "type": "object",
    "description": "Hair recoloring.",
    "properties": {
        "color": {
            "type": "array",
            "items": {
                "type": "string",
                "default": "0 0 0 0"
            },
            "minItems": 1,
            "description": "Apply solid color if one color supplied, or gradient recoloring if array."
        },
        "strands": {
            "type": "array",
            "items": {
                "type": "string",
                "default": "0 0 0 0"
            },
            "description": "Hair strands recoloring. You can also provide one color."
        }
    }
}